{"cameraMode":{"drawMode":0,"name":"Shaded","section":"Shading Mode"},"sceneLighting":true,"audioPlay":false,"sceneViewState":{"showFog":true,"showMaterialUpdate":false,"showSkybox":false,"showFlares":true,"showImageEffects":true,"showParticleSystems":true},"in2DMode":false,"pivot":{"x":18957.0,"y":-4.751880645751953,"z":146.8000030517578},"rotation":{"x":-0.02348826639354229,"y":0.9336247444152832,"z":0.06227165833115578,"w":0.35206398367881777},"size":65.61141204833985,"orthographic":false}