{"cameraMode":{"drawMode":0,"name":"Shaded","section":"Shading Mode"},"sceneLighting":true,"audioPlay":false,"sceneViewState":{"showFog":true,"showMaterialUpdate":false,"showSkybox":false,"showFlares":true,"showImageEffects":true,"showParticleSystems":true},"in2DMode":false,"pivot":{"x":18957.0,"y":-4.751880645751953,"z":146.8000030517578},"rotation":{"x":0.14226508140563966,"y":0.6053743958473206,"z":-0.11109812557697296,"w":0.7752034664154053},"size":65.61141204833985,"orthographic":false}