{"cameraMode":{"drawMode":0,"name":"Shaded","section":"Shading Mode"},"sceneLighting":true,"audioPlay":false,"sceneViewState":{"showFog":true,"showMaterialUpdate":false,"showSkybox":false,"showFlares":true,"showImageEffects":true,"showParticleSystems":true},"in2DMode":false,"pivot":{"x":287.35992431640627,"y":-12.313745498657227,"z":150.4188232421875},"rotation":{"x":0.04222561791539192,"y":0.9439955949783325,"z":-0.1334163248538971,"w":0.29886141419410708},"size":78.89024353027344,"orthographic":false}