{"cameraMode":{"drawMode":0,"name":"Shaded","section":"Shading Mode"},"sceneLighting":true,"audioPlay":false,"sceneViewState":{"showFog":true,"showMaterialUpdate":false,"showSkybox":false,"showFlares":true,"showImageEffects":true,"showParticleSystems":true},"in2DMode":false,"pivot":{"x":5423.419921875,"y":-34.61825942993164,"z":114.94954681396485},"rotation":{"x":0.0684690773487091,"y":0.8022177815437317,"z":-0.0938071757555008,"w":0.5856550335884094},"size":129.28067016601563,"orthographic":false}