{"cameraMode":{"drawMode":0,"name":"Shaded","section":"Shading Mode"},"sceneLighting":true,"audioPlay":false,"sceneViewState":{"showFog":true,"showMaterialUpdate":false,"showSkybox":false,"showFlares":true,"showImageEffects":true,"showParticleSystems":true},"in2DMode":false,"pivot":{"x":-26.169273376464845,"y":-10.193981170654297,"z":161.4128875732422},"rotation":{"x":0.14226508140563966,"y":0.6053743958473206,"z":-0.11109812557697296,"w":0.7752034664154053},"size":12.515233039855957,"orthographic":false}