{"cameraMode":{"drawMode":0,"name":"Shaded","section":"Shading Mode"},"sceneLighting":true,"audioPlay":false,"sceneViewState":{"showFog":true,"showMaterialUpdate":false,"showSkybox":true,"showFlares":true,"showImageEffects":true,"showParticleSystems":true},"in2DMode":false,"pivot":{"x":27.0074462890625,"y":28.356475830078126,"z":237.64480590820313},"rotation":{"x":0.18213990330696107,"y":0.2684325575828552,"z":-0.05176430568099022,"w":0.9445197582244873},"size":648.358154296875,"orthographic":false}