{"cameraMode":{"drawMode":0,"name":"Shaded","section":"Shading Mode"},"sceneLighting":false,"audioPlay":false,"sceneViewState":{"showFog":true,"showMaterialUpdate":false,"showSkybox":false,"showFlares":true,"showImageEffects":true,"showParticleSystems":true},"in2DMode":false,"pivot":{"x":502.0960998535156,"y":324.09735107421877,"z":0.0},"rotation":{"x":0.08842095732688904,"y":0.6123040318489075,"z":-0.06917313486337662,"w":0.7826255559921265},"size":1973.194580078125,"orthographic":false}