{"cameraMode":{"drawMode":0,"name":"Shaded","section":"Shading Mode"},"sceneLighting":true,"audioPlay":false,"sceneViewState":{"showFog":true,"showMaterialUpdate":false,"showSkybox":false,"showFlares":true,"showImageEffects":true,"showParticleSystems":true},"in2DMode":false,"pivot":{"x":291.9873962402344,"y":2.0468530654907228,"z":-98.2932357788086},"rotation":{"x":0.4153866469860077,"y":-0.38299575448036196,"z":0.19866234064102174,"w":0.8008165955543518},"size":3.062936305999756,"orthographic":false}