{"cameraMode":{"drawMode":0,"name":"Shaded","section":"Shading Mode"},"sceneLighting":true,"audioPlay":false,"sceneViewState":{"showFog":true,"showMaterialUpdate":false,"showSkybox":false,"showFlares":true,"showImageEffects":true,"showParticleSystems":true},"in2DMode":false,"pivot":{"x":-115.8022689819336,"y":-9.310035705566407,"z":166.47203063964845},"rotation":{"x":0.33017823100090029,"y":0.5262980461120606,"z":-0.23219437897205354,"w":0.7483890056610107},"size":2.622737169265747,"orthographic":false}